<?xml version="1.0" encoding="utf-8"?>
<!--FastResampler配置文件-->
<FastResampler>
	<options>
		<resampler-mode>exe</resampler-mode><!--选择resampler调用方式(dll/exe)。注意：使用exe调用后就无法使用扩展oto功能了-->
		<resampler>moresampler.exe</resampler><!--resampler的路径-->
		<wavtool>moresampler.exe</wavtool><!--wavtool的路径-->
		<multi-thread>true</multi-thread><!--是否使用多线程合成 (true/false)-->
		<thread-num>4</thread-num><!--多线程合成的线程数量-->
		<show-console>false</show-console><!--是否显示cmd输出窗口 (true/false)-->
	</options>
</FastResampler>